X,Y,Name,description,ADDRESS_MYENV,DESCRIPTION_MYENV,ADDRESSBLOCKHOUSENUMBER,LATITUDE,STATUS,CLEANINGSTARTDATE,ADDRESSUNITNUMBER,ADDRESSFLOORNUMBER,NO_OF_FOOD_STALLS,HYPERLINK,REGION,LONGITUDE,INFO_ON_CO_LOCATORS,NO_OF_MARKET_STALLS,AWARDED_DATE,LANDYADDRESSPOINT,CLEANINGENDDATE,PHOTOURL,DESCRIPTION2,NAME2,ADDRESSTYPE,UPGRADING_STATUS,ADDRESSBUILDINGNAME,COMPLETION_DATE,LANDXADDRESSPOINT,ADDRESSSTREETNAME,ADDRESSPOSTALCODE,IMPLEMENTATION_DATE,INC_CRC,FMEL_UPD_D
103.951543034782,1.37343413973246,Pasir Ris Central Hawker Centre,New Centre,"Blk 110, Pasir Ris Central, Singapore 519641","Completed in Jan 2018, Pasir Ris Central Hawker Centre is a centre which houses 42 cooked food stalls across two levels. On the ground floor, 20 cooked food stalls will serve a variety of local hawker fare, while on the upper floor there will be 22 cooked food stalls serving modern cuisines. Along with a family dining area with child-friendly tables and chairs, and handicap friendly access, this centre also offers cashless payments.",110,1.373318,Existing (new),29/10/2018,,,42,,East,103.951364,,0,15/7/2015,39493.21,1/11/2018,http://www.nea.gov.sg/images/default-source/Hawker-Centres-Division/pasir-ris-central-hawker-centre.jpg,,,,0,Pasir Ris Central Hawker Centre,2017,41156.94,Pasir Ris Central,519641,29/7/2015,0EC198F9DA2979A9,20180929124219
103.879417030673,1.31708335109102,Sims Place Blk 49 (Sims Vista Market and Food Centre),HUP Reconfiguration,"Blk 49, Sims Place, Singapore 380049","Also known as Sims Vista Market and Food Centre, the hawker centre is nestled within the idyllic Sims Vista estate. Originally built in 1976, the hawker centre was upgraded in 2006 to improve its physical facade and provide a more hygienic environment for both stallholders and patrons alike. 66 cooked food stalls and 78 market stalls serve patrons of the hawker centre.",49,1.31710005,Existing,1/10/2018,,,66,,East,103.8793793,,78,,33261.95,1/10/2018,http://www.nea.gov.sg/images/default-source/Hawker-Centres-Division/resize_1262153128123.jpg,,,I,Completed,,15/11/2006,33130.31,Sims Place,380049,,87604B5A32041202,20180929124219
103.944624481151,1.3456395210229,Tampines Street 11 Blk 137 (Tampines Round Market and Food Centre),HUP Reconfiguration,"Blk 137, Tampines Street 11, Singapore 521137","Blk 137 Tampines Street 11 is the only hawker centre in the Tampines area. Also commonly known as Tampines Round Market due to the unique circular shape of the hawker centre, it was built in 1982 to fulfill the marketing and dining needs of the resident in Tampines Town. Comprises 45 cooked food stalls and 99 market stalls. The hawker centre was voted by readers of Shin Min Daily as their favourite hawker centre for 2 years running (2008-2009) in the City Hawker Food Hunt contest.",137,1.34559596,Existing,29/10/2018,,,45,,East,103.9445953,,99,,36419.78,30/10/2018,http://www.nea.gov.sg/images/default-source/Hawker-Centres-Division/resize_1262154543785.jpg,,,I,Completed,,8/1/2006,40387.13,Tampines Street 11,521137,,F6017D5FD0C4FE9F,20180929124219
103.82211725658,1.27271579716508,Telok Blangah Rise Blk 36 (Telok Blangah Rise Market),HUP Standard Upgrading,"Blk 36, Telok Blangah Rise, Singapore 090036","Located near the scenic Mount Faber Park, the hawker centre has been serving the dining and marketing needs of residents in the vicinity since the 1970s.",36,1.27266002,Existing,15/10/2018,,,32,,West,103.8221283,,103,,28355.97,15/10/2018,http://www.nea.gov.sg/images/default-source/Hawker-Centres-Division/resize_1267858653663.jpg,,,I,Completed,,20/10/2010,26753.38,Telok Blangah Rise,90036,,336A650EEBA59C1F,20180929124219
103.851999137527,1.33454816495637,Toa Payoh Lorong 4 Blk 74 (Toa Payoh Vista Market),HUP Reconfiguration,"Blk 74, Lorong 4 Toa Payoh, Singapore 310074","Built in 1968, the hawker centre at Blk 74 Lorong 4 Toa Payoh comprises 10 cooked food stalls and 80 market stalls. Located near to Toa Payoh central and HDB Hub.",74,1.33462,Existing,15/10/2018,,,10,,Central,103.8520584,,80,,35193.08,15/10/2018,http://www.nea.gov.sg/images/default-source/Hawker-Centres-Division/resize_1262226848493.jpg,,,I,Completed,,1/11/2004,30078.95,Lorong 4 Toa Payoh,310074,,0F387A4A1B277CE3,20180929124219
103.857036007166,1.33523145909678,Toa Payoh Lorong 7 Blk 22 (Kim Keat Palm Market and Food Centre),HUP Reconfiguration,"Blk 22, Lorong 7 Toa Payoh, Singapore 310022","Built in 1970, the hawker centre at Blk 22 Lorong 7 Toa Payoh serves the Kim Keat residents and nearby industrial parks. There are 61 cooked food stalls and 59 market stalls in the hawker centre.  Be pampered by delicious hawker fare such as Oyster Omelette, Fishball Noodles, Zi Char etc!",22,1.3352899599999999,Existing,1/10/2018,,,61,,Central,103.8570633,,59,,35268.64,2/10/2018,http://www.nea.gov.sg/images/default-source/Hawker-Centres-Division/resize_1265168256123.jpg,,,I,Completed,,16/7/2004,30639.5,Lorong 7 Toa Payoh,310022,,E43A21111D49D096,20180929124219
103.854395279214,1.3402608349586,Toa Payoh Lorong 8 Blk 210,HUP Standard Upgrading,"Blk 210, Lorong 8 Toa Payoh, Singapore 310210","Built in 1974, this hawker centre houses 80 cooked food stalls and 77 market stalls. One of the largest hawker centres in the Toa Payoh vicinity.",210,1.34033001,Existing,15/10/2018,,,80,,Central,103.8544617,,77,,35824.76,16/10/2018,http://www.nea.gov.sg/images/default-source/Hawker-Centres-Division/resize_1267876959422.jpg,,,I,Completed,,30/9/2011,30345.61,Lorong 8 Toa Payoh,310210,,AD6CE850BEE27DFA,20180929124219
103.777203165702,1.44388181695611,Marsiling Lane Blk 20/21,HUP Standard Upgrading,"Blk 20/21, Marsiling Lane, Singapore 730020/730021","Built in 1975, the hawker centre at Blk 20/21 Marsiling Road houses 52 cooked food stalls and 112 market stalls.  Upgraded in 2009.",20/21,1.44398999,Existing,3/9/2018,,,52,,North,103.7772598,,112,,47282.71,4/9/2018,http://www.nea.gov.sg/images/default-source/Hawker-Centres-Division/resize_1262152527264.jpg,,,I,Completed,,2/3/2009,21755.23,Marsiling Lane,730020,,F48BB5AAFFF81769,20180817194133
103.844827863123,1.28011223513205,Maxwell Food Centre (Kim Hua Market),Upgraded prior to HUP,"1, Kadayanallur Street, Singapore 069184","Maxwell Food Centre began its roots in 1935. One of the iconic hawker centres in Singapore, the food centre now consists of 103 cooked food stalls. Popular hawker fare such as Chicken Rice, Tapioca Kueh, Porridge, Desserts and more can be found here.",1,1.28055096,Existing,24/9/2018,,,103,,Central,103.8444595,,0,,29173.83,26/9/2018,http://www.nea.gov.sg/images/default-source/Hawker-Centres-Division/resize_1262155734465.jpg,,,I,Completed,,,29280.89,Kadayanallur Street,69184,,FE75522D589ADBBE,20180817194133
103.842578750107,1.28499102169498,New Market Road Blk 32 (People's Park Food Centre),HUP Standard Upgrading,"Blk 32, New Market Road, Singapore 050032","Fondly known as People's Park Complex, it is located right in the heart of the bustling Chinatown. It is a favourite haunt for elderly folks to catch up and enjoy a delicious yet affordable meal.  Extremely accessible by bus or MRT. Upgraded in 2005, it has 87 cooked food stalls located on the ground floor. The second and third floors comprise HDB shops selling fabrics, fashion and home wares.",32,1.28487098,Existing,3/9/2018,,,87,,Central,103.8425903,,0,,29713.3,4/9/2018,http://www.nea.gov.sg/images/default-source/Hawker-Centres-Division/resize_1265168123284.jpg,,,I,Completed,,27/12/2005,29030.58,New Market Road,50032,,431889D3A87FEAC5,20180817194133
103.852941556275,1.33603882157063,Toa Payoh Lorong 5 Blk 75,HUP Standard Upgrading,"Blk 75, Lorong 5 Toa Payoh, Singapore 310075","Built in 1968, this standalone food centre at Blk 75 Lorong 5 Toa Payoh comprises 36 cooked food stalls.",75,1.33609998,Existing,13/8/2018,,,36,,Central,103.8529968,,0,,35357.91,13/8/2018,http://www.nea.gov.sg/images/default-source/Hawker-Centres-Division/resize_1267878144152.jpg,,,I,Completed,,21/11/2012,30183.83,Lorong 5 Toa Payoh,310075,,83FB95F62B727FED,20180630131912
103.843166992138,1.27661461066321,Tanjong Pagar Plaza Blk 6 (Blk 6 Tanjong Pagar Plaza Market and Food Centre),HUP Standard Upgrading,"Blk 6, Tanjong Pagar Plaza, Singapore 081006","Located near the Tanjong Pagar Plaza, the hawker centre serves some of the locals' favourite dishes such as Hainanese Chicken Rice, Curry Fish Head and Seafood Soup. Built in 1977, the centre has 52 cooked food stalls and 108 market stalls to serve the needs of the patrons.",6,1.2766799899999999,Existing,15/9/2018,,,52,,Central,103.8432312,,108,,28787.08,15/9/2018,http://www.nea.gov.sg/images/default-source/Hawker-Centres-Division/blk-6-tanjong-pagar-plaza.jpg,,,I,Completed,,27/12/2013,29096.05,Tanjong Pagar Plaza,81006,,90C2DF39B6FC1E44,20180817194133
103.805636386821,1.31624573118373,Empress Road Blk 7 (Empress Road Market and Food Centre),HUP Standard Upgrading,"Blk 7, Empress Road, Singapore 260007","Built in 1976, the hawker centre at Blk 7 Empress Road comprises 40 cooked food stalls and 72 market stalls. Provides marketing and dining facilities to residents of Farrer estate.",7,1.31631005,Existing,27/8/2018,,,40,,West,103.805687,,68,,33169.3,27/8/2018,http://www.nea.gov.sg/images/default-source/Hawker-Centres-Division/resize_1262152572393.jpg,,,I,Completed,,2/12/2008,24919.24,Empress Road,260007,,2DAAEFC7C99C469A,20180803172521
103.802903901116,1.29323622090657,Mei Chin Road Blk 159 (Mei Chin Road Market),HUP Reconfiguration,"Blk 159, Mei Chin Road, Singapore 140159","Built in 1970 to serve the Mei Ling estate, the hawker centre at Blk 159 Mei Chin Road was upgraded in 2009 to improve circulation space and ventilation. Comprises 47 cooked food stalls and 66 market stalls.",159,1.29330003,Existing,27/8/2018,,,47,,West,103.8029633,,66,,30625.03,28/8/2018,http://www.nea.gov.sg/images/default-source/Hawker-Centres-Division/resize_1262154581891.jpg,,,I,Completed,,8/5/2009,24615.11,Mei Chin Road,140159,,58C10BCC459F902A,20180803172521
103.91405388831,1.33315924777343,Bedok Reservoir Road Blk 630,HUP Rebuilding,"Blk 630, Bedok Reservoir Road, Singapore 470630","Located within walking distance from the Eunos Community Club, the centre is a convenient place which meets the dining and marketing needs of residents living at Bedok Reservoir Road. Upgraded in 2006, it houses 36 cooked food stalls and 75 market stalls.",630,1.33298004,Existing,17/9/2018,,,36,,East,103.9142075,,75,,35039.64,17/9/2018,http://www.nea.gov.sg/images/default-source/Hawker-Centres-Division/resize_1262155176127.jpg,,,I,Completed,,28/2/2006,36985,Bedok Reservoir Road,470630,,BBA7FF2B290FF232,20180723151043
103.843177616296,1.28223514826381,Smith Street Blk 335 (Chinatown Complex Market),HUP Reconfiguration,"Blk 335, Smith Street, Singapore 050335","Original built in 1983, Blk 335 Smith Street is also commonly known as Chinatown Complex. It is the largest hawker centre in Singapore comprising a total of 703 stalls! After upgrading in 2008, the building has been transformed into an architecture of strong Chinese influence with a modern twist. Situated in the Chinatown area, the centre now comes with better amenities and increased seating capacity. A favourite hang-out place for residents to reminisce good old days while enjoying the wide array of local dishes offered.",335,1.2823,Existing,27/8/2018,,,226,,Central,103.8428802,,477,,29408.57,28/8/2018,http://www.nea.gov.sg/images/default-source/Hawker-Centres-Division/resize_1265168178798.jpg,,,I,Completed,,30/4/2008,29097.23,Smith Street,50335,,B4A7F7D0E63B2739,20180723151043
103.764264410293,1.3037819726711,Clementi West Street 2 Blk 726,HUP Standard Upgrading,"Blk 726, Clementi West Street 2, Singapore 120726","Built in 1980, the hawker centre at Blk 726 Clementi West Street 2 consists of 60 cooked food stalls and 135 market stalls. The centre is conveniently located in close proximity to schools, housing estates and shopping complex.",726,1.30391705,Existing,1/10/2018,,,60,,West,103.7641754,,135,,31791.21,2/10/2018,http://www.nea.gov.sg/images/default-source/Hawker-Centres-Division/resize_1262155262246.jpg,,,I,Completed,,26/11/2009,20314.9,Clementi West Street 2,120726,,3B5F054B32312794,20180927180818
103.697404254467,1.3412597060095,Jurong West Hawker Centre,New Centre,"Blk 50, Jurong West St 61, Singapore 648202","Completed in 2017, Jurong West Hawker Centre provides residents a comfortable and clean dining environment with natural ventilation and family-friendly features such as child-friendly toilet facilities and family-friendly seating, as well as tray-return facilities at accessible locations. To ensure affordable meals for the residents, all the stalls are serving at least two items priced at $2.80 or below.",50,1.3412229999999998,Existing (new),30/7/2018,,,34,,West,103.697374,,14,23/9/2015,35935.62,30/7/2018,http://www.nea.gov.sg/images/default-source/Hawker-Centres-Division/jurong-west-hawker-centre.jpg,,,,0,Jurong West Hawker Centre,2017,12874.19,Jurong West Street 61,648202,15/10/2015,A85BCE9DD39CF446,20180630131912
103.742891623681,1.32084835041654,Teban Garden Road Blk 37A (Teban Gardens Market and Food Centre),HUP Rebuilding,"Blk 37A, Teban Garden Road, Singapore 601037","Located near Pandan Reservoir, the hawker centre comprises 28 cooked food stalls and 52 market stalls.  Built in 1976 to serve residents staying nearby.",37A,1.3205173000000001,Existing,23/7/2018,,,28,,West,103.7420807,,52,,33678.4,24/7/2018,http://www.nea.gov.sg/images/default-source/Hawker-Centres-Division/resize_1262153022672.jpg,,,I,Completed,,3/1/2008,17936.37,Teban Gardens Road,601037,,D50987C79E071DC7,20180630131912
103.807626838954,1.27336828250285,Telok Blangah Drive Blk 79 (Telok Blangah Food Centre),HUP Standard Upgrading,"Blk 79, Telok Blangah Drive, Singapore 100079","Situated directly opposite the Telok Blangah Community Centre, the hawker centre is a convenient location where residents of Telok Blangah can get to enjoy palatable local cuisines at affordable rates from the 40 cooked food stalls.",79,1.27342999,Existing,23/7/2018,,,40,,West,103.8076782,,0,,28428.13,23/7/2018,http://www.nea.gov.sg/images/default-source/Hawker-Centres-Division/resize_1262153497855.jpg,,,I,Completed,,20/8/2005,25140.71,Telok Blangah Drive,100079,,47E27FD783FA9675,20180630131912
103.807943567416,1.27391379857001,Telok Blangah Drive Blk 82 (Telok Blangah Market),HUP Standard Upgrading,"Blk 82, Telok Blangah Drive, Singapore 100082","Built in 1972, the standalone market at Blk 82 Telok Blangah Drive offers a variety of fresh produce where residents can fulfill their marketing needs. Comprises 144 market stalls.",82,1.27398002,Existing,23/7/2018,,,0,,West,103.8079987,,144,,28488.45,23/7/2018,http://www.nea.gov.sg/images/default-source/Hawker-Centres-Division/resize_1262153608307.jpg,,,I,Completed,,29/11/2011,25175.96,Telok Blangah Drive,100082,,1EB09A22A7D5B2A9,20180630131912
103.849513484035,1.3384747524617,Toa Payoh Lorong 4 Blk 93,HUP Standard Upgrading,"Blk 93, Lorong 4 Toa Payoh, Singapore 310093","Built in 1967, the hawker centre at Blk 93 Lorong 4 Toa Payoh comprises 28 cooked food stalls and 32 market stalls. Originally a double-storey building, the centre was converted to a single-storey one after upgrading in 2009.",93,1.33853996,Existing,27/8/2018,,,28,,Central,103.8495712,,32,,35627.26,30/8/2018,http://www.nea.gov.sg/images/default-source/Hawker-Centres-Division/resize_1262154305312.jpg,,,I,Completed,,20/7/2009,29802.32,Lorong 4 Toa Payoh,310093,,8ED7D817CA18789E,20180630131912
103.885043500019,1.32644992167231,Circuit Road Blk 79/79A,HUP Standard Upgrading,"Blk 79/79A, Circuit Road, Singapore 370079/371079","Built in 1971, the hawker centre is sited beside the Pelton Canal in Paya Lebar. One of the three hawker centres at Ciruit Road, the centre comprises 106 cooked food stalls. After upgrading in 2010, a new outdoor refreshment area has been added to provide a unique alfresco dining experience to patrons.",79/79A,1.32666004,Existing,3/12/2018,,,106,,East,103.8851166,,0,,34297.67,4/12/2018,http://www.nea.gov.sg/images/default-source/Hawker-Centres-Division/resize_1280824598.jpg,,,I,<R&R> 01/03/2018 to 30/06/2018,,11/5/2010,33756.46,Circuit Road,370079,,B1F15E000C2E2637,20180810131117
103.759166093858,1.31188972115897,West Coast Drive Blk 502 (Ayer Rajah Market),Not eligible for HUP,"Blk 502, West Coast Drive, Singapore 120502","Also known as Ayer Rajah Market, the standalone market is located next to Ayer Rajah Food Centre. One of the last few hawker centres built, construction was completed in 1995 to complement Ayer Rajah Food Centre. There are 68 market stalls at the market to serve the West Coast area.",502,1.3119599800000001,Existing,17/9/2018,,,0,,West,103.7591019,,68,,32687.74,17/9/2018,http://www.nea.gov.sg/images/default-source/Hawker-Centres-Division/resize_1265168297394.jpg,,,I,Completed,,,19747.53,West Coast Drive,120502,,2DBB0A9FB73A47E5,20180829092919
103.759751321019,1.31180301004196,West Coast Drive Blk 503 (Ayer Rajah Food Centre),HUP Standard Upgrading,"Blk 503, West Coast Drive, Singapore 120503","Also known as Ayer Rajah Food Centre, the standalone food centre was originally built in 1979.  The centre is located next to Ayer Rajah Market and currently houses 80 cooked food stalls to serve the West Coast area.",503,1.31186998,Existing,17/9/2018,,,80,,West,103.7598038,,0,,32678.15,18/9/2018,http://www.nea.gov.sg/images/default-source/Hawker-Centres-Division/resize_1265168322420.jpg,,,I,Completed,,15/12/2002,19812.66,West Coast Drive,120503,,7A279834AB58F30F,20180829092919
103.854482811591,1.37276992816898,Ang Mo Kio Ave 10 Blk 527 (Cheng San Market and Cooked Food Centre),HUP Reconfiguration,"Blk 527, Ang Mo Kio Ave 10, Singapore 560527","Commonly known as Cheng San Market and Cooked Food Centre, Blk 527 Ang Mo Kio Ave 10 is one of the three hawker centres located along Ang Mo Kio Ave 10. The hawker centre was built in 1979 to serve the dining and marketing needs of nearby residents. Upgraded in 2004, it houses 50 cooked food stalls and 100 market stalls.",527,1.37270999,Existing,13/8/2018,,,50,,North,103.8544464,,100,,39419.450000000004,14/8/2018,http://www.nea.gov.sg/images/default-source/Hawker-Centres-Division/resize_1265165592824.jpg,,,I,Completed,,21/2/2004,30355.32,Ang Mo Kio Ave 10,560527,,4658734084CFBF70,20180630131912
103.816992390295,1.28369258928085,Bukit Merah Central Blk 163 (Bukit Merah Central Food Centre),Opted out of HUP,"Blk 163, Bukit Merah Central, Singapore 150163","Located in the heart of Bukit Merah Central, the food centre consists of 57 cooked food stalls. Extremely well liked by office executives working in the vicinity, the centre bustles with activity during lunch hours. Popular dishes include Ngoh Hiang, Chicken Rice, Teochew Porridge, Fish Soup, Char Kway Teow and Goreng Pisang. Be prepared to be spoilt for choice!",163,1.28374004,Existing,13/10/2018,,,57,,West,103.8171082,,0,,29569.73,14/10/2018,http://www.nea.gov.sg/images/default-source/Hawker-Centres-Division/resize_1267851995788.jpg,,,I,Completed,,,26183.03,Bukit Merah Central,150163,,16F0047A5E786D72,20180810131117
103.848254220438,1.36410517096399,Ang Mo Kio Ave 1 Blk 341 (Teck Ghee Court),HUP Rebuilding,"Blk 341, Ang Mo Kio Ave 1, Singapore 560341","Located in the heart of Teck Ghee estate and opposite Bishan Park, the 32 cooked food stalls and 86 market stalls within the hawker centre remain a popular choice among patrons despite the availability of alternative marketing and dining facilities nearby.  Popular local dishes are whipped up daily to satisfy patrons' desires for good food!",341,1.36416996,Existing,4/6/2018,,,32,,North,103.84832,,86,,38461.340000000004,5/6/2018,http://www.nea.gov.sg/images/default-source/Hawker-Centres-Division/resize_1275538105392.jpg,,,I,<R&R> 01/9/2018 to 30/11/2018,,1/3/2002,29662.16,Ang Mo Kio Ave 1,560341,,07D7927B5AE41262,20180913180218
103.850225081031,1.31615991374589,Cambridge Road Blk 41A (Pek Kio Market and Food Centre),HUP Reconfiguration,"Blk 41A, Cambridge Road, Singapore 211041","More commonly known as Pek Kio Market and Food Centre, the hawker centre was built in 1981 to serve residents staying nearby.  The centre was upgraded in 2003 and currently houses 50 cooked food stalls and 74 market stalls. Many stalls offer delicious yet suprisingly affordable dishes. Get ready for a gastronomic experience!",41A,1.3162000200000001,Existing,23/4/2018,,,50,,Central,103.8503036,,74,,33159.8,23/4/2018,http://www.nea.gov.sg/images/default-source/Hawker-Centres-Division/resize_1265166819326.jpg,,,I,<R&R> 01/10/2018 to 31/10/2018,,7/3/2003,29881.53,Cambridge Road,211041,,FBD170F36E9439F8,20180913180218
103.764510533078,1.31326486994113,Clementi Ave 3 Blk 448,HUP Standard Upgrading,"Blk 448, Clementi Ave 3, Singapore 120448","Located in the town centre of Clementi, the hawker centre at Blk 448 Clementi Ave 3 is within walking distance from Clementi MRT station and the bus interchange. Good food offerings and its strategic location make the centre popular with diners.",448,1.31334996,Existing,10/12/2018,,,51,,West,103.7645874,,105,,32839.78,11/12/2018,http://www.nea.gov.sg/images/default-source/Hawker-Centres-Division/resize_1267848308255.jpg,,,I,Completed,,29/10/2010,20342.32,Clementi Ave 3,120448,,FDAC6B27677C35FF,20180913180218
103.855137696535,1.32294306204189,Whampoa Drive Blk 90 (Whampoa Drive Makan Place/Whampoa Food Centre),HUP Standard Upgrading,"Blk 90, Whampoa Drive, Singapore 320090","Known also as Whampoa Drive Makan Place, this is one hawker centre in Singapore which has become inceasingly famous over the years. Patrons can easily find popular stalls serving up excellent dishes to satisfy their palate. Be prepared to wait during peak hours as the premise is packed with diners!",90,1.32314003,Existing,17/9/2018,,,80,,Central,103.8550415,,12,,33909.85,19/9/2018,http://www.nea.gov.sg/images/default-source/Hawker-Centres-Division/resize_1262154207158.jpg,,,I,Completed,,25/10/2007,30428.25,Whampoa Drive,320090,,16F08FA09A8947C7,20180913180218
103.85406806286,1.32342175143826,Whampoa Drive Blk 91/92 (Whampoa Drive Makan Place/Whampoa Market),HUP Standard Upgrading,"Blk 91/92, Whampoa Drive, Singapore 320091/320092","Known also as Whampoa Drive Makan Place, this is one hawker centre in Singapore which has become inceasingly famous over the years. Patrons can easily find popular stalls serving up excellent dishes to satisfy their palate. Be prepared to wait during peak hours as the premise is packed with diners!",91/92,1.32349002,Existing,3/9/2018,,,52,,Central,103.8541336,,112,,33962.78,4/9/2018,http://www.nea.gov.sg/images/default-source/Hawker-Centres-Division/resize_1262154257763.jpg,,,I,Completed,,25/10/2007,30309.21,Whampoa Drive,320091,,38A4F5317921FE6C,20180913180218
103.828537609942,1.43144768831222,Yishun Ring Road Blk 104/105 (Chong Pang Market and Food Centre),HUP Standard Upgrading,"Blk 104/105, Yishun Ring Road, Singapore 760104/760105","Built in 1984, the hawker centre comprises 56 cooked food stalls and 123 market stalls. Residents of Chong Pang patronise the centre for its wide selection of local cuisines.",104/105,1.43165803,Existing,17/9/2018,,,56,,North,103.8280716,,123,,45907.73,20/9/2018,http://www.nea.gov.sg/images/default-source/Hawker-Centres-Division/resize_1267438077554.jpg,,,I,Completed,,4/8/2003,27467.95,Yishun Ring Road,760104,,A75CB1D57003EB01,20180913180218
103.844747581861,1.42501763803265,Yishun Park Hawker Centre,New Centre,"Blk 51, Yishun Avenue 11, Singapore 768867","Built in 2017, the hawker centre at Yishun Park consists of 45 cooked food stalls and allows patrons of all ages to enjoy affordable food in a pleasant dining environment.  The centre features natural ventilation, family-friendly features, such as child-friendly toilet facilities and family-friendly seating, and built-in tray-return facilities at accessible locations.",51,1.424911,Existing (new),10/9/2018,,,45,,Central,103.844992,,0,23/10/2015,45196.73,12/9/2018,http://www.nea.gov.sg/images/default-source/Hawker-Centres-Division/yishun-hawker-centre.jpg,,,,0,Yishun Park Hawker Centre,2017,29271.88,Yishun Avenue 11,768867,25/11/2015,2676B659B27BEEB1,20180906182217
103.93553909635,1.32055216480957,Bedok South Road Blk 16,HUP Standard Upgrading,"Blk 16, Bedok South Road, Singapore 460016","Located near schools, factories and housing estates in the Bedok South area, this hawker centre is an accessible hotspot for patrons looking for an economical meal.",16,1.32055998,Existing,17/9/2018,,,64,,East,103.9355469,,154,,33645.7,17/9/2018,http://www.nea.gov.sg/images/default-source/Hawker-Centres-Division/resize_1267853021378.jpg,,,I,Completed,,20/9/2012,39376.14,Bedok South Road,460016,,483F38779212C5C9,20180829092919
103.863021377531,1.31921699786807,Bendemeer Road Blk 29 (Bendemeer Market and Food Centre),HUP Standard Upgrading,"Blk 29, Bendemeer Road, Singapore 330029","Just a few minutes away from Boon Keng MRT station, the hawker centre is very popular with the nearby residents as well as the workers at Kallang Bahru Industrial Estate because of its location and affordable local cuisines.",29,1.31928003,Existing,17/9/2018,,,88,,Central,103.8630905,,105,,33497.85,18/9/2018,http://www.nea.gov.sg/images/default-source/Hawker-Centres-Division/resize_1262226446535.jpg,,,I,Completed,,31/12/2004,31305.63,Bendemeer Road,330029,,A7DB5A3E0BE0F443,20180829092919
103.856853966617,1.30733651651517,Berseh Food Centre,HUP Standard Upgrading,"166, Jalan Besar, Singapore 208877","Located along Jalan Besar Road, Berseh Food Centre houses 66 cooked food stalls. Built in 1975, the food centre presents an added nostalgic flavour with the rows of meticulously restored pre-war shophouses surrounding it.",166,1.30733502,Existing,3/9/2018,,,66,,Central,103.8568497,,0,,32184.16,3/9/2018,http://www.nea.gov.sg/images/default-source/Hawker-Centres-Division/resize_1265176120532.jpg,,,I,Completed,,5/3/2004,30619.27,Jalan Besar,208877,,A7CCEB2C026A18CF,20180829092919
103.850530969624,1.30620584090733,Buffalo Road Blk 665 (Tekka Centre/Zhu Jiao Market),HUP Standard Upgrading,"Blk 665, Buffalo Road, Singapore 210665","More commonly known as Tekka Centre, the hawker centre is a popular haunt for marketing and dining needs, especially with the Indian community. An amazing variety of fresh produce is sold at the market.  Built in 1980, it is the second largest hawker centre in Singapore housing more than 400 stalls. An iconic landmark in the Little India area!",665,1.30619001,Existing,3/9/2018,,,119,,Central,103.8506699,,284,,32059.13,4/9/2018,http://www.nea.gov.sg/images/default-source/Hawker-Centres-Division/resize_1262156313186.jpg,,,I,Completed,,30/6/2009,29915.58,Buffalo Road,210665,,D09ADF34EBDEDC72,20180829092919
103.822049361292,1.28550478314618,Bukit Merah View Blk 115 (Blk 115 Bukit Merah View Market and Food Centre),HUP Standard Upgrading,"Blk 115, Bukit Merah View, Singapore 151115","Built in 1973, the hawker centre comprises 84 cooked food stalls and 167 market produce stalls. Located in Henderson area and near to office buildings, schools and residential flats, it is one of the largest hawker centres in Bukit Merah.",115,1.28524005,Existing,17/9/2018,,,84,,West,103.8223724,,167,,29770.11,18/9/2018,http://www.nea.gov.sg/images/default-source/Hawker-Centres-Division/resize_1267851251303.jpg,,,I,Completed,,28/2/2012,26745.83,Bukit Merah View,151115,,7A2BDBF55182ED88,20180829092919
103.866536130299,1.36422852315868,Chomp Chomp Food Centre,HUP Standard Upgrading,"20, Kensington Park Road, Singapore 557269","Located in Serangoon Gardens, Chomp Chomp Food Centre is well-known for its vibrant dinner and supper scene. Bustling with diners even till late at night, the 36 cooked food stalls in the small hawker centre serve popular local dishes such as Char Kway Teow, BBQ Chicken Wings, Seafood etc. This Centre attracts food lovers from all over the island.",20,1.36422801,Existing,26/9/2018,,,36,,North,103.8665314,,0,,38475,26/9/2018,http://www.nea.gov.sg/images/default-source/Hawker-Centres-Division/resize_1262155330191.jpg,,,I,Completed,,31/3/2004,31696.72,Kensington Park Road,557269,,FD83AAB0F46F89D4,20180829092919
103.839214290038,1.37448912101909,Ang Mo Kio Ave 4 Blk 160/162 (Mayflower Market),HUP Standard Upgrading,"Blk 160/162, Ang Mo Kio Ave 4, Singapore 560160/560162","Commonly known as Mayflower Market, the hawker centre was built in 1981. It comprises 40 cooked food stalls and 84 market stalls to serve the marketing and dining needs of residents.",160/162,1.37460005,Existing,1/10/2018,,,40,,North,103.839241,,84,,39609.54,1/10/2018,http://www.nea.gov.sg/images/default-source/Hawker-Centres-Division/resize_1265165416622.jpg,,,I,Completed,,31/12/2008,28656.12,Ang Mo Kio Ave 4,560160,,546287EB7E6EF38D,20180929124219
103.775995008012,1.33937596351523,Bukit Timah Market,HUP Standard Upgrading,"51, Upper Bukit Timah Road, Singapore 588215","Located along Upper Bukit Timah Road, the two-storey hawker centre was built in 1975 and was upgraded in 2003. A popular hawker centre serving the dining and marketing needs of residents living around Toh Yi Drive. Well-known for the variety of hawker fare, the centre is usually packed with patrons during peak hours. Comprises 84 cooked food stalls and 94 market stalls.",51,1.33964503,Existing,1/10/2018,,,84,,West,103.7758026,,95,,35726.98,1/10/2018,http://www.nea.gov.sg/images/default-source/Hawker-Centres-Division/resize_1265176195262.jpg,,,I,Completed,,2/1/2003,21620.5,Upper Bukit Timah Road,588215,,FD4DDC8CB7B0E84E,20180929124219
103.988245749103,1.38915172065006,Changi Village Blk 2 and 3,HUP Standard Upgrading,"Blk 2/3, Changi Village Road, Singapore 500002/500003","Located at the eastern end of Singapore near to Changi Point Ferry Terminal and Changi Beach, the popular hawker centre draws food lovers from all over the island. Be wowed by the great variety of  hawker fare available e.g. Nasi Lemak, BBQ Seafood, Fried Wan Ton Noodles etc.  Built in 1975, this centre comprises 87 cooked food stalls and 50 market stalls.",2&3,1.38971996,Existing,1/10/2018,,,87,,East,103.9881821,,50,,41231.42,5/10/2018,http://www.nea.gov.sg/images/default-source/Hawker-Centres-Division/resize_1267846802175.jpg,,,I,Completed,,28/12/2012,45241.4,Changi Village Road,500002,,DC5973E838348B61,20180929124219
103.887128535137,1.32784956142548,Circuit Road Blk 80 (80 Circuit Road Market and Food Centre),HUP Reconfiguration,"Blk 80, Circuit Road, Singapore 370080","Built in 1967, the hawker centre at Blk 80 Circuit Road comprises 16 cooked food stalls and 43 market stalls. One of the three hawker centres serving the residents living in the vicinity of Circuit Road.",80,1.32790005,Existing,8/10/2018,,,16,,East,103.8871536,,43,,34452.44,8/10/2018,http://www.nea.gov.sg/images/default-source/Hawker-Centres-Division/resize_1262153912521.jpg,,,I,Completed,,22/2/2003,33988.5,Circuit Road,370080,,3BE7F742D49D68F1,20180929124219
103.800362825517,1.3068922760844,Commonwealth Crescent Market,HUP Rebuilding,"31, Commonwealth Crescent, Singapore 149644",The 63 market stalls are located on the lower level while the 39 cooked food stalls are located on the upper level of this two-storey market. Built in 1965 to fulfill the marketing and dining needs of residents living in the mature estate of Commonwealth Drive.,31,1.30743206,Existing,29/10/2018,,,39,,West,103.7994614,,63,,32135.05,29/10/2018,http://www.nea.gov.sg/images/default-source/Hawker-Centres-Division/resize_1265167388780.jpg,,,I,Completed,,18/8/2004,24332.33,Commonwealth Crescent,149644,,35C408FD37FA4213,20180929124219
103.90182514721,1.30941418731184,Dunman Food Centre,HUP Standard Upgrading,"271, Onan Road, Singapore 424768","Built in 1974, Dunman Food Centre has since played a vital role in providing resonably-priced cuisines to the residents of Joo Chiat area. Upgraded in 2002, the centre comprises 30 cooked food stalls.",271,1.309412,Existing,29/10/2018,,,30,,East,103.901825,,0,,32413.99,29/10/2018,http://www.nea.gov.sg/images/default-source/Hawker-Centres-Division/resize_1262155459807.jpg,,,I,Completed,,3/12/2002,35624.14,Onan Road,424768,,5924E489CC9AD299,20180929124219
103.93501674725,1.30668431820832,East Coast Lagoon Food Village,HUP Rebuilding,"1220, East Coast Parkway, Singapore 468960","Located in the south-eastern part of Singapore, the East Coast Lagoon Food Village offers a tropical resort ambience by the sea and a wide variety of local hawker food at reasonable prices. It is a favourite haunt among sports enthusiasts and families who wish to enjoy a sumptuous meal by the sea. Popular dishes include Satay, BBQ Seafood and Chicken Wings, Zi Char, Wan Ton Noodles, Satay Bee Hoon, Beef Noodles etc.  Rated as one of the food paradises in Singapore!",1220,1.30772996,Existing,22/10/2018,,,63,,East,103.9343033,,0,,32112.260000000002,24/10/2018,http://www.nea.gov.sg/images/default-source/Hawker-Centres-Division/resize_1262155504536.jpg,,,I,Completed,,10/12/2003,39318.07,East Coast Parkway,468960,,1D6E51B47EA727EF,20180929124219
103.863883249985,1.30287548090781,Golden Mile Food Centre,HUP Standard Upgrading,"505, Beach Road, Singapore 199583","Home to lock-up stalls selling army stuff, Golden Mile Food Centre is a ""must go"" place if you are looking for affordable army / camping equipment. The food section located at the first and second levels definitely does not pale in comparison. It offers well-known local and international cuisines by 111 cooked food stalls. Fanciful food selection at great prices!",505,1.30287397,Existing,15/10/2018,,,112,,Central,103.8638763,,111,,31690.89,18/10/2018,http://www.nea.gov.sg/images/default-source/Hawker-Centres-Division/resize_1262155571228.jpg,,,I,Completed,,4/7/2002,31401.57,Beach Road,199583,,68D21092F7920A75,20180929124219
103.88394058022,1.30241881353449,Jalan Batu Blk 4A (Blk 4A Jalan Batu Hawker Centre/Market),HUP Standard Upgrading,"Blk 4A, Jalan Batu, Singapore 432004","Built in 1969, Blk 4A Jalan Batu comprises both a market and food section. The centre houses 52 cooked food stalls and 53 market stalls.",4A,1.30243003,Existing,15/10/2018,,,52,,East,103.8839798,,53,,31640.43,16/10/2018,http://www.nea.gov.sg/images/default-source/Hawker-Centres-Division/resize_1267874223880.jpg,,,I,Completed,,16/2/2012,33633.770000000004,Jalan Batu,432004,,551478E015B8980A,20180929124219
103.826013285715,1.28000481198881,Jalan Bukit Merah Blk 112 (Blk 112 Jalan Bukit Merah Market and Food Centre),HUP Standard Upgrading,"Blk 112, Jalan Bukit Merah, Singapore 160112","Situated in the mature estate of Jalan Bukit Merah, the hawker centre at Blk 112 Jalan Bukit Merah satisfies both the marketing and dining needs of the residents nearby.",112,1.2800699500000001,Existing,15/10/2018,,,28,,West,103.8260727,,96,,29161.95,15/10/2018,http://www.nea.gov.sg/images/default-source/Hawker-Centres-Division/resize_1267874698833.jpg,,,I,Completed,,28/11/2013,27186.98,Jalan Bukit Merah,160112,,F6CA40B9EC88F925,20180929124219
103.885977616903,1.35911942212642,Hougang Street 21 Blk 209 (Kovan Hougang Market and Food Centre),HUP Standard Upgrading,"Blk 209, Hougang Street 21, Singapore 530209","Conveniently situated in the heartlands of Kovan, the hawker centre at Blk 209 Hougang Street 21 is minutes away from Kovan MRT. Built in 1983, the centre houses 65 cooked food stalls and 118 market stalls. Be prepared to queue for your favourite dish at the popular cooked food stalls within the hawker centre!",209,1.359079,Existing,,,,65,,North,103.8859253,,118,,37910.1,,http://www.nea.gov.sg/images/default-source/Hawker-Centres-Division/resize_1267849628846.jpg,,,I,<R&R> 01/10/2018 to 30/11/2018,,24/1/2011,33860.340000000004,Hougang Street 21,530209,,5F6AEDB7DFCED7EE,20180810131117
103.808127999318,1.28695275198944,Jalan Bukit Merah Blk 6 (ABC Brickworks Market/Food Centre),HUP Reconfiguration,"Blk 6, Jalan Bukit Merah, Singapore 150006","Fondly known as ABC Brickworks Market, it is within close proximity to Alexandra Food Village and IKEA. The hawker centre, which was built in 1974, is another alternative for the residents of Queenstown and Bukit Merah.  Patrons can find delicious yet affordable hawker fare at the centre.",6,1.28700995,Existing,17/9/2018,,,96,,Central,103.8081894,,48,,29930.23,18/9/2018,http://www.nea.gov.sg/images/default-source/Hawker-Centres-Division/resize_1267760203.jpg,,,I,Completed,,11/8/2006,25196.5,Jalan Bukit Merah,150006,,D9BD256FBABFB3E2,20180810131117
103.831189303546,1.29234216757957,Zion Riverside Food Centre,HUP Standard Upgrading,"70, Zion Road, Singapore 247792","Located opposite Great World City, Zion Riverside Food Centre boasts a huge reputation even with its relatively small footprint of 32 cooked food stalls. Built since 1976, patrons can find a variety of good food offerings at the centre. Popular with both locals and tourists alike.",70,1.29234004,Existing,28/8/2018,,,32,,Central,103.8311844,,0,,30526.15,29/8/2018,http://www.nea.gov.sg/images/default-source/Hawker-Centres-Division/resize_1267879560483.jpg,,,I,Completed,,5/3/2003,27763.03,Zion Road,247792,,41709ABEEF9C67BF,20180810131117
103.814165010384,1.32413422253318,Adam Road Food Centre,HUP Standard Upgrading,"2, Adam Road, Singapore 289876","Built in 1974, Adam Food Centre comprises 32 cooked food stalls.  Although small in size, the hawker centre has a huge reputation.  Popular food offered in the centre includes BBQ Seafood, Nasi Lemak, Prawn Noodles etc.",2,1.32413197,Existing,20/8/2018,,,32,,Central,103.8141632,,0,,34041.56,20/8/2018,http://www.nea.gov.sg/images/default-source/Hawker-Centres-Division/resize_1267437914368.jpg,,,I,Completed,,30/4/2002,25868.4,Adam Road,289876,,EC26BEACCBA7C910,20180803172521
103.856351437414,1.36824049310006,Ang Mo Kio Ave 10 Blk 453A (Chong Boon Market and Food Centre),HUP Standard Upgrading,"Blk 453A, Ang Mo Kio Ave 10, Singapore 561453","Built in 1979, the hawker centre at Blk 453A Ang Mo Kio Ave 10 consists of 38 cooked food stalls and 184 market stalls.",453A,1.3682999599999999,Existing,20/8/2018,,,38,,North,103.8564377,,184,,38918.61,21/8/2018,http://www.nea.gov.sg/images/default-source/Hawker-Centres-Division/resize_1259902043777.jpg,,,I,Completed,,1/1/2002,30563.28,Ang Mo Kio Ave 10,561453,,D0070B677836695C,20180803172521
103.712799765872,1.3452231627967,Boon Lay Place Blk 221A/B (Boon Lay Place Market and Food Village),HUP Reconfiguration,"Blk 221A/B, Boon Lay Place, Singapore 641221/642221","Located beside Boon Lay Shopping Centre, the hawker centre at Blk 221A/B Boon Lay Place provides marketing and dining amenities for residents living in Boon Lay. Built in 1976, the centre comprises 72 cooked food stalls and 94 market stalls.",221A/B,1.34528005,Existing,17/9/2018,,,72,,West,103.7128525,,94,,36373.79,18/9/2018,http://www.nea.gov.sg/images/default-source/Hawker-Centres-Division/resize_1262154766447.jpg,,,I,Completed,,1/8/2004,14587.57,Boon Lay Place,641221,,84F8C2B432C579BB,20180803172521
103.770836740843,1.31436772839327,Clementi Ave 2 Blk 353 (Clementi Ave 2 Market/Cooked Food Centre),HUP Standard Upgrading,"Blk 353, Clementi Ave 2, Singapore 120353","Built in 1978, the hawker centre has evolved into a focal point for residents to dine and engage in social bonding. Blk 353 Clementi Ave 2 comprises 18 cooked food stalls and 96 market stalls.",353,1.31433797,Existing,6/8/2018,,,18,,West,103.7707748,,96,,32961.71,7/8/2018,http://www.nea.gov.sg/images/default-source/Hawker-Centres-Division/resize_1267847852167.jpg,,,I,Completed,,25/10/2012,21046.37,Clementi Ave 2,120353,,42176A30B536659C,20180803172521
103.930602144469,1.33324627868937,Bedok North Street 3 Blk 511 (Kaki Bukit 511 Market and Food Centre),HUP Standard Upgrading,"Blk 511, Bedok North Street 3, Singapore 460511","Built in 1979, the hawker centre at Blk 511 Bedok North Street 3 comprises 42 cooked food stalls and 83 market stalls to serve both the dining and marketing needs of residents living in the Kaki Bukit area. Be pampered by the wide selection of hawker fare!  Crowded during dinner and supper hours.",511,1.33331001,Existing,3/9/2018,,,42,,East,103.930687,,83,,35049.33,3/9/2018,http://www.nea.gov.sg/images/default-source/Hawker-Centres-Division/resize_1265166047112.jpg,,,I,Completed,,1/7/2004,38826.65,Bedok North Street 3,460511,,29D02D34E3396D05,20180829092919
103.924844235398,1.33178125123252,Bedok North Street 3 Blk 538,HUP Standard Upgrading,"Blk 538, Bedok North Street 3, Singapore 460538","Built in 1979, the hawker centre at Blk 538 Bedok North Street 3 comprises 42 cooked food stalls and 134 market stalls. One of the popular hawker centres in the Bedok area.",538,1.3321000299999999,Existing,4/6/2018,,,42,,East,103.9247208,,134,,34887.31,4/6/2018,http://www.nea.gov.sg/images/default-source/Hawker-Centres-Division/resize_1262227194623.jpg,,,I,<R&R> 01/9/2018 to 31/10/2018,,3/12/2000,38185.86,Bedok North Street 3,460538,,F1A5DD5AA425EB4A,20180829092919
103.938732580554,1.33198706861747,Bedok North Street 4 Blk 85 (85 Fengshan Centre),HUP Standard Upgrading,"Blk 85, Bedok North Street 4, Singapore 460085","A popular supper destination for night owls from all over the island.  The hawker centre features a wide array of hawker fare such as Bak Chor Mee, Porridge, BBQ Chicken Wings and Seafood, Fried Oysters etc.  Definitely a favourite haunt for the sleepless!",85,1.33205998,Existing,17/9/2018,,,72,,East,103.9388123,,170,,34910.13,18/9/2018,http://www.nea.gov.sg/images/default-source/Hawker-Centres-Division/resize_1267853253145.jpg,,,I,Completed,,20/12/2012,39731.49,Bedok North Street 4,460085,,CFC780A176F28CD9,20180829092919
103.797875477439,1.29971330531884,Commonwealth Drive Blk 1A/2A/3A (Tanglin Halt Food Centre/Commonwealth Drive Food Centre),HUP Standard Upgrading,"Blk 1A/ 2A/ 3A, Commonwealth Drive, Singapore 140001/140002/140003","Nestled within the established Tanglin Halt estate, the food centre was originally built in 1981. The three hexagonal blocks retain their unique shape after upgrading in 2009. A total of 40 cooked food stalls is housed within the centre.",1A/2A/3A,1.29955006,Existing,24/9/2018,,,40,,West,103.7980194,,0,,31341.24,24/9/2018,http://www.nea.gov.sg/images/default-source/Hawker-Centres-Division/commonwealth.jpg,,,I,Completed,,15/1/2010,24055.5,Commonwealth Drive,141001,,B823DC7746FAEAF9,20180829092919
103.800696448529,1.43993283228134,Kampung Admiralty Hawker Centre,New Centre,"Blk 676, Woodlands Drive 71, Singapore 730676","Built in 2017, the Kampung Admiralty Hawker Centre is a communal dining space which allows patrons to feast on Singapore’s favourite street food while learning the cultural diversity of our local food.  The centre consists of 43 cooked food stalls.  The centre features natural ventilation, family-friendly features, such as child-friendly toilet facilities.",676,1.440119,Existing (new),1/10/2018,,,43,,West,103.800735,studio apartments/supermarket/shops/specialist centre/senior care centre/child care centre/senior activity centre,0,17/10/2014,46846,2/10/2018,http://www.nea.gov.sg/images/default-source/Hawker-Centres-Division/kampung-admiralty-hawker-centre.jpg,,,,0,Kampung Admiralty,2017,24369.66,Woodlands Drive 71,730676,1/4/2014,8E56FA1FD5583A11,20180829092919
103.906338526157,1.30228513841822,Marine Parade Central Blk 84 (84 Marine Parade Central Market and Food Centre),Opted out of HUP,"Blk 84, Marine Parade Central, Singapore 440084","Located across Parkway Parade Shopping Centre, the hawker centre has been around since 1976. It is popular with patrons throughout the day. A wide variety of local food is available at the hawker centre including Char Kway Teow, Beef Noodles, Economical Rice, Desserts etc.  Comprises 55 cooked food stalls and 143 market stalls.",84,1.30233002,Existing,TBC,,,55,,East,103.9063873,,143,,31625.71,TBC,http://www.nea.gov.sg/images/default-source/Hawker-Centres-Division/resize_1267875360164.jpg,,,I,<Renovation> 01/03/2018 to 31/10/2018,,,36126.46,Marine Parade Central,440084,,069C7A0ACE0E0FEC,20180829092919
103.915761950557,1.30577514781108,Marine Terrace Blk 50A (50A Marine Terrace),HUP Standard Upgrading,"Blk 50A, Marine Terrace, Singapore 441050",Built in 1975 to serve the residents living within the Marine Terrace estate. The hawker centre is located just next to the Marine Parade Town Council. Comprises 24 cooked food stalls and 87 market stalls.,50A,1.30580998,Existing,3/9/2018,,,24,,East,103.9157867,,87,,32011.65,4/9/2018,http://www.nea.gov.sg/images/default-source/Hawker-Centres-Division/resize_1262153165514.jpg,,,I,Completed,,22/12/2008,37175.19,Marine Terrace,441050,,6834B490FD894348,20180829092919
103.848973726501,1.28159564281228,Market Street Interim Hawker Centre,Interim Centre,"5, Cross Street, Singapore 048148",Due to the redevelopment of Market Street Food Centre (Golden Shoe Carpark) an interim hawker centre has been built to ensure continuity of stallholders' business and availability of affordable food options for patrons in the vicinity.  The interim centre commenced operations on 1 Aug 2017.,5,1.28156793,Existing,15/9/2018,,,53,,Central,103.8488473,,0,,29337.86,15/9/2018,http://www.nea.gov.sg/images/default-source/Hawker-Centres-Division/resize_1262225979894.jpg,,,,Completed,Market Street Interim Hawker Centre,24/5/2017,29742.29,Cross Street,48418,,2120FA8221E7AE50,20180829092919
103.863891012338,1.30576537802761,North Bridge Road Market,HUP Reconfiguration,"861, North Bridge Road, Singapore 198783",Originally built in 1973 as a two-storey building. North Bridge Road Market was converted into a single-storey hawker centre after its upgrading in 2005. The centre now comprises 37 cooked food stalls and 82 market stalls.,861,1.3058470500000001,Existing,6/8/2018,,,37,,Central,103.8638611,,82,,32010.440000000002,8/8/2018,http://www.nea.gov.sg/images/default-source/Hawker-Centres-Division/resize_1262155297184.jpg,,,I,Completed,,17/10/2005,31402.43,North Bridge Road,198783,,3B33AC4C89D4F201,20180630131912
103.846606784092,1.27921844263268,Amoy Street Food Centre (Telok Ayer Food Centre),HUP Standard Upgrading,"National Development Building, Annex B, Telok Ayer Street, Singapore 069111","Built in 1983, the two-storey food centre is located within the central business district.  Housing many well-known stalls, the centre has evolved into a favourite lunch venue for executives working near Shenton Way. Be spoilt by the choice of hawker fare at affordable prices!",,1.27912903,Existing,8/9/2018,,,134,,Central,103.8469849,,1,,29075,8/9/2018,http://www.nea.gov.sg/images/default-source/Hawker-Centres-Division/resize_1265968760190.jpg,,,I,Completed,National Development Building,17/2/2003,29478.87,Telok Ayer Street,69111,,81106E054DCFEC5E,20180817194133
103.871620273635,1.31502804429519,Upper Boon Keng Road Blk 17 (Blk 17 Upper Boon Keng Market and Food Centre),HUP Standard Upgrading,"Blk 17, Upper Boon Keng Road, Singapore 380017","Upgraded in 2009, the hawker centre at Blk 17 Upper Boon Keng comprises 84 cooked food stalls and 60 market stalls. The hawker centre serves the nearby residential and industrial estates.",17,1.31508994,Existing,6/8/2018,,,84,,Central,103.8716812,,60,,33034.67,7/8/2018,http://www.nea.gov.sg/images/default-source/Hawker-Centres-Division/resize_1262226056435.jpg,,,I,Completed,,13/1/2009,32262.61,Upper Boon Keng Road,380017,,5A26A7AC5DA2041F,20180630131912
103.804715225285,1.29748567106686,kml_69,New Replacement Centre,,,38A,0,Under Construction,#N/A,,,0,,,0,hawker centre/branch office/supermarket/shops/flats,0,11/5/2015,31094.91,#N/A,,,,,#N/A,,2020,24816.7,Margaret Drive,142038,2/12/2015,C80F896998177600,20180630131912
103.872090241567,1.3397961360031,Woodleigh Village Hawker Centre,New Centre,,,202C,0,Under Construction,#N/A,,,0,,,0,hawker centre/flats/bus interchange,0,30/6/2017,35773.4,#N/A,,,,,#N/A,Woodleigh Village,2021,32314.87,Woodleigh Link,363202,21/7/2017,7729E118B3185135,20180630131912
103.933221544751,1.32706240888967,Bedok North Street 1 Blk 216,HUP Standard Upgrading,"Blk 216, Bedok North Street 1, Singapore 460216","Built in 1979, the hawker centre at Blk 216 Bedok North Street 1 comprises 82 cooked food stalls and 114 market stalls. A stone's throw away from Bedok Town Centre.",216,1.32711995,Existing,13/8/2018,,,82,,East,103.9332962,,114,,34365.56,13/8/2018,http://www.nea.gov.sg/images/default-source/Hawker-Centres-Division/resize_1262154705733.jpg,,,I,Completed,,15/12/2008,39118.19,Bedok North Street 1,460216,,B8E4DB8C9F9F2398,20180630131912
103.71844754363,1.34964224318434,Jurong West Street 52 Blk 505,HUP Standard Upgrading,"Blk 505, Jurong West Street 52, Singapore 640505","The hawker centre at Blk 505 Jurong West Street 52 was built in 1985.  Located in the heart of the Jurong West estate, the centre serves patrons from the nearby residential flats and schools.  Last upgraded in 2009, the centre comprises a total of 190 stalls - 60 cooked food and 130 market stalls.",505,1.34969997,Existing,1/10/2018,,,60,,West,103.7184601,,130,,36862.4,3/10/2018,http://www.nea.gov.sg/images/default-source/Hawker-Centres-Division/resize_1262155040710.jpg,,,I,Completed,,2/1/2009,15216.130000000001,Jurong West Street 52,640505,,0AE38DCC878FC958,20180829092919
103.884130183315,1.30739616009942,Kallang Estate Fresh Market and Food Centre,HUP Standard Upgrading,"17, Old Airport Road, Singapore 397972","Located just minutes away from Blk 51 Old Airport Road, the Kallang Estate Fresh Market and Food Centre provides both dining and marketing services for Kallang residents. Built in 1959, the centre comprises 16 cooked food stalls and 78 market stalls.",17,1.30711246,Existing,17/9/2018,,,16,,East,103.8841476,,78,,32190.8,17/9/2018,http://www.nea.gov.sg/images/default-source/Hawker-Centres-Division/resize_1262155698415.jpg,,,I,Completed,,31/10/2003,33654.86,Old Airport Road,397972,,2F0C25335724178A,20180829092919
103.854211645499,1.30100146521405,Queen Street Blk 270 (Albert Centre),HUP Standard Upgrading,"Blk 270, Queen Street, Singapore 180270","Strategically located near places of interests like the famous Guan Yin Temple and Bugis Village, the hawker centre is popular with both locals and tourists alike. A wide array of good local cuisines is served by well-known stalls operating at the hawker centre.  The hawker centre is also famous for dried seafood items and textiles, sold at the lock-up stalls withiin the market section.",270,1.30112004,Existing,17/9/2018,,,86,,Central,103.8541412,,148,,31483.66,18/9/2018,http://www.nea.gov.sg/images/default-source/Hawker-Centres-Division/resize_1267850253199.jpg,,,I,Completed,,26/11/2009,30325.21,Queen Street,180270,,0906CEDC1A7443FA,20180829092919
103.866737484646,1.3631571201113,Serangoon Garden Market,HUP Rebuilding,"49A, Serangoon Garden Way, Singapore 555945","Within walking distance from the famous Chomp Chomp Food Centre, the spacious Serangoon Garden Market is an alternative food paradise where residents satisfy their palates.  Equipped also with a market produce section, patrons can discover true gems within the centre.  Take a look around and you can't miss those stalls that are highly rated by food gurus!",49A,1.3635400500000001,Existing,17/9/2018,,,46,,North,103.8669815,,36,,38356.53,17/9/2018,http://www.nea.gov.sg/images/default-source/Hawker-Centres-Division/resize_1262156095817.jpg,,,I,Completed,,26/9/2002,31719.13,Serangoon Garden Way,555945,,F3EA4B58C0AEDF6E,20180829092919
103.837031803823,1.35200744198417,Shunfu Road Blk 320 (Shunfu Mart),Not eligible for HUP,"Blk 320, Shunfu Road, Singapore 570320","Built in 2000, the hawker centre at Blk 320 Shunfu Road is the last hawker centre to be built. Also known as Shunfu Mart, the centre houses 31 cooked food stalls and 51 market stalls.",320,1.35181999,Existing,17/9/2018,,,31,,North,103.8370285,,51,,37123.63,17/9/2018,http://www.nea.gov.sg/images/default-source/Hawker-Centres-Division/resize_1259901832200.jpg,,,I,Completed,,,28413.24,Shunfu Road,570320,,93EF4005C8ED8B88,20180829092919
103.721519868629,1.33458935951076,Taman Jurong Market and Food Centre,HUP Rebuilding,"3, Yung Sheng Road, Singapore 618499","Taman Jurong Market and Food Centre is an amalgamation of  3 hawker centres, namely Corporation Drive Market, Yung Sheng Food Centre and Corporation Drive Food Centre. Comprises 123 cooked food stalls and 57 market stalls.",3,1.33468103,Existing,17/9/2018,,,123,,West,103.7216187,,57,,35197.91,20/9/2018,http://www.nea.gov.sg/images/default-source/Hawker-Centres-Division/resize_1262156147897.jpg,,,I,Completed,,23/3/2005,15557.970000000001,Yung Sheng Road,618499,,45EB3EEBD8CCFFCE,20180829092919
103.93056047823,1.32473884451035,New Upper Changi Road Blk 208B,New Replacement Centre,"Blk 208B, New Upper Changi Road, Singapore 462208","Completed in 2014, this new food centre replaces the hawker centre at Blk 207 Upper Changi Road.  Also know as Bedok Interchange Hawker Centre,  it houses more seating areas for diners, more parking lots at the adjacent multi-storey carpark, and high-volume, low-speed cooling fans to provide patrons a more comfortable and cooler dining experience.  The centre also has NETS cashless payment system implemented at food stalls and free wireless internet connection via Wireless@SG for the convenience of patrons.",208B,1.3246289999999998,Existing,3/9/2018,,,70,,East,103.930477,,0,,34108.62,4/9/2018,http://www.nea.gov.sg/images/default-source/Hawker-Centres-Division/bedok-interchange-hawker-centre.jpg,,,I,0,,,38822.05,New Upper Changi Road,462208,,03BAD66558100CD6,20180829092919
103.94113237262,1.32418782817919,New Upper Changi Road Blk 58,HUP Standard Upgrading,"Blk 58, New Upper Changi Road, Singapore 461058","Comprising a market produce and cooked food section, the hawker centre at Blk 58 New Upper Changi Road was built in 1978 to serve the marketing and dining needs of patrons living in Bedok South. Especially popular during the breakfast and lunch hours.",58,1.32516551,Existing,3/9/2018,,,48,,East,103.940155,,147,,34047.74,3/9/2018,http://www.nea.gov.sg/images/default-source/Hawker-Centres-Division/resize_1262153263293.jpg,,,I,Completed,,16/9/2008,39998.6,New Upper Changi Road,461058,,57B99402FB80346E,20180829092919
103.870004415152,1.32146226027018,Geylang Bahru Blk 69 (Blk 69 Geylang Bahru Market and Food Centre),Opted out of HUP,"Blk 69, Geylang Bahru, Singapore 330069","Located near amenities such as swimming pool, industrial parks, commercial shops and residential estates, Blk 69 Geylang Bahru is a focal point where patrons get to enjoy local hawker fare at affordable prices. The hawker centre was built in 1974 and houses 84 cooked food stalls cum 127 market stalls.",69,1.32152998,Existing,17/9/2018,,,84,,East,103.8700714,,127,,33746.13,18/9/2018,http://www.nea.gov.sg/images/default-source/Hawker-Centres-Division/blk-69-geylang-bahru.jpg,,,I,Completed,,,32082.77,Geylang Bahru,330069,,1CDA71374BE6FE01,20180829092919
103.788230657145,1.31099627311591,Ghim Moh Road Blk 20,Opted out of HUP,"Blk 20, Ghim Moh Road, Singapore 270020","Built in 1977, the hawker centre is famous for its wide spread of offerings such as Char Kway Teow, Chicken Rice, Soya Bean Drinks etc. 72 cooked food stalls and 158 market stalls at the hawker centre serve Ghim Moh  residents daily.",20,1.31105995,Existing,3/9/2018,,,72,,West,103.7882919,,158,,32588.87,4/9/2018,http://www.nea.gov.sg/images/default-source/Hawker-Centres-Division/resize_1267848628803.jpg,,,I,0,,,22982.14,Ghim Moh Road,270020,,8A5C1B47C3C3F8CC,20180829092919
103.829626834637,1.28797543998733,Havelock Road Blk 22A/B (Havelock Road Cooked Food Centre),HUP Standard Upgrading,"Blk 22A/B, Havelock Road, Singapore 161022/162022","Built in 1969, the standalone hawker centre located in the Havelock area comprises 30 cooked food stalls. It was upgraded in 2007.",22A/B,1.28804004,Existing,24/9/2018,,,30,,Central,103.829689,,0,,30043.3,24/9/2018,http://www.nea.gov.sg/images/default-source/Hawker-Centres-Division/resize_1262152823428.jpg,,,I,Completed,,27/4/2007,27589.14,Havelock Road,161022,,1CFBA3CBC96094DE,20180829092919
103.792773765463,1.30811775909823,Holland Drive Blk 44 (Holland Drive Market and Food Centre),HUP Standard Upgrading,"Blk 44, Holland Drive, Singapore 270044","One of the last hawker centres to be built, Blk 44 Holland Drive has been serving the needs of residents since 1999. The two-storey hawker centre houses a market at the lower level and a food centre on the upper level. Conveniently located within walking distance from the Buona Vista MRT station.",44,1.30818999,Existing,17/9/2018,,,45,,West,103.7928391,,61,,32270.57,18/9/2018,http://www.nea.gov.sg/images/default-source/Hawker-Centres-Division/resize_1267849222112.jpg,,,I,Completed,,31/3/2014,23487.74,Holland Drive,270044,,A15ED2B9504B08FB,20180829092919
103.794862936127,1.31090802808558,Holland Village Market and Food Centre,HUP Rebuilding,"1, Lorong Mambong, Singapore 277700","Situated right in the heart of Holland Village, the hawker centre was built in the pre-war years. One of the hawker centres with the longest history in Singapore! Surrounded by restaurants and bistros, the hawker centre remains a popular choice for patrons with its offering of affordable hawker fare. Comprises 21 cooked food stalls and 48 market stalls.",1,1.31110203,Existing,3/9/2018,,,21,,West,103.7949448,,48,,32579.100000000002,3/9/2018,http://www.nea.gov.sg/images/default-source/Hawker-Centres-Division/resize_1267415509849.jpg,,,I,Completed,,12/12/2005,23720.25,Lorong Mambong,277700,,69A5ED12CE8AC0F6,20180829092919
103.890081064953,1.35383739101169,Hougang Ave 1 Blk 105 (Hougang 105 Hainanese Village Centre),HUP Rebuilding,"Blk 105, Hougang Ave 1, Singapore 530105","Also known as Hougang 105 Hainanese Village Centre, the hawker centre underwent a major facelift in 2005. A very popular hawker centre in the Hougang area, especially during the weekends. Serving the needs of both the residents of Lorong Ah Soo as well as the industrial area across at Defu Lane, there are currently 51 cooked food stalls and 120 market stalls within the centre.",105,1.35408998,Existing,17/9/2018,,,51,,North,103.890213,,120,,37326.05,21/9/2018,http://www.nea.gov.sg/images/default-source/Hawker-Centres-Division/resize_1259901634108.jpg,,,I,Completed,,11/11/2005,34317.020000000004,Hougang Ave 1,530105,,47665F14A7045AFF,20180829092919
103.731579747132,1.34531247026793,Jurong East Ave 1 Blk 347 (Yuhua Market and Hawker Centre),HUP Standard Upgrading,"Blk 347, Jurong East Ave 1, Singapore 600347","Located near to the PIE exit (Jurong Town Hall Road), the hawker centre at Blk 347 Jurong East Ave 1 is popular with residents living in the area. A wide variety of food and market produce is offered at the hawker centre by the 56 cooked food stalls and 169 market stalls. It was built in 1984 to cater to the dining and marketing needs of residents.",347,1.34536004,Existing,17/9/2018,,,56,,West,103.7315826,,169,,36383.57,17/9/2018,http://www.nea.gov.sg/images/default-source/Hawker-Centres-Division/resize_1275537901886.jpg,,,I,Completed,,31/12/2002,16677.58,Jurong East Ave 1,600347,,6C86424373610DF8,20180829092919
103.737781231485,1.34344213770991,Jurong East Street 24 Blk 254 (Yuhua Village Market and Food Centre),HUP Reconfiguration,"Blk 254, Jurong East Street 24, Singapore 600254","Located near to the PIE exit (Jurong Town Hall Road), the hawker centre at Blk 254 Jurong East Street 24 serves the marketing and dining needs of residents living in Yuhua Village.  There are 60 cooked food stalls and 87 market produce stalls operating within the hawker centre. Originally built in 1983.",254,1.34343302,Existing,3/9/2018,,,60,,West,103.7376862,,87,,36176.73,4/9/2018,http://www.nea.gov.sg/images/default-source/Hawker-Centres-Division/resize_1265167615307.jpg,,,I,Completed,,5/7/2006,17367.73,Jurong East Street 24,600254,,037A6F1E0233D7ED,20180829092919
103.779784899996,1.43353885680037,Marsiling Mall Hawker Centre,New Replacement Centre,"Blk 4,Woodlands St 12,Singapore 738623","Built in 2017, and located close to the heart of Woodlands, Marsiling Mall Hawker Centre offers residents convenient access to a variety of good and affordable hawker food. This hawker centre is also situated adjacent to Woodlands Sports Centre, bringing hawker food to the doorstep of sports facility users.",4,1.433543,Existing (new),19/11/2018,,,70,,North,103.779881,hawker centre/supermarket/shops,0,4/9/2015,46139.03,21/11/2018,http://www.nea.gov.sg/images/default-source/Hawker-Centres-Division/mmhc.jpg,,,,0,Marsiling Mall,2017,22042.510000000002,Woodlands Street 12,738623,1/1/2016,67D9A36B38C3B30A,20180906182217
103.939726160039,1.35386211773287,Our Tampines Hub,New Centre,"Blk 51, Tampines Ave 4, Singapore 529684","Built in 2016, the hawker centre at Our Tampines Hub (OTH) consists of 42 cooked food stalls and allows patrons of all ages to enjoy affordable food in a pleasant dining environment.  Located at the 1st storey of OTH, the naturally ventilated hawker centre is designed to be family-friendly with features such as child-friendly toilet facilities and family-friendly seating. It is also designed with built-in tray return facilities at accessible locations to allow patrons to return their trays with ease.  Being the first 24-hour hawker centre in Tampines, it provides residents with all-day affordable dining options.",51,1.352983,Existing (new),,,,42,,East,103.940231,hawker centre/ community club  offices/regional library/heritage centre/swimming complex/sports facilities/branch hawker centre/office/national arts council/hometeam ns clubhouse/family medical centre/senior care centre,0,7/5/2014,37328.97,,http://www.nea.gov.sg/images/default-source/Hawker-Centres-Division/our-tampines-hub.jpg,,,,0,Our Tampines Hub,2016,39841.96,Tampines Avenue 4,529684,1/8/2013,17E2D59BF27E98FD,20180906182217
103.818402623449,1.2878581025663,Redhill Lane Blk 79 (Redhill Market),HUP Reconfiguration,"Blk 79, Redhill Lane, Singapore 150079","Built in 1969, the standalone market offers a variety of fresh market produce to serve the needs of Redhill residents. The centre was upgraded in 2005 and comprises 122 market stalls.  Within walking distance from Redhill MRT.",79,1.28790999,Existing,TBC,,,0,,West,103.8183975,,122,,30030.33,TBC,http://www.nea.gov.sg/images/default-source/Hawker-Centres-Division/resize_1262153664347.jpg,,,I,Completed,,28/6/2005,26339.98,Redhill Lane,150079,,ECAC58C795E061D3,20180906182217
103.818338919994,1.28733076703987,Redhill Lane Blk 85 (Redhill Food Centre),HUP Reconfiguration,"Blk 85, Redhill Lane, Singapore 150085","Build in 1972 to complement the market next door, Blk 85 Redhill Lane is a standalone food centre comprising 96 cooked food stalls. A good variety of food can be found within the hawker centre.  Within walking distance from Redhill MRT.",85,1.28740001,Existing,TBC,,,96,,West,103.8183975,,0,,29972.02,TBC,http://www.nea.gov.sg/images/default-source/Hawker-Centres-Division/resize_1262153717849.jpg,,,I,Completed,,17/6/2005,26332.89,Redhill Lane,150085,,1D515CA5DD1EFDD6,20180906182217
103.828994204342,1.37238494002145,Sembawang Hills Food Centre (Jalan Leban Food Centre),HUP Standard Upgrading,"590, Upper Thomson Road, Singapore 574419","Built in 1974, this centre is nestled along Upper Thomson Road and offers a wide variety of food such as Fish / Seafood Soup, Char Kway Teow, Ngoh Hiang, Pasta etc.  The centre comprises 36 cooked food stalls.",590,1.37241995,Existing,8/10/2018,,,36,,North,103.8290329,,0,,39376.87,8/10/2018,http://www.nea.gov.sg/images/default-source/Hawker-Centres-Division/resize_1262155861677.jpg,,,I,Completed,,26/2/2003,27518.75,Upper Thomson Road,574419,,6CC207916AE799DD,20180906182217
103.818641695106,1.27736683810317,Telok Blangah Crescent Blk 11 (11 Telok Blangah Crescent Market and Food Centre),HUP Standard Upgrading,"Blk 11, Telok Blangah Crescent, Singapore 090011","The hawker centre was built in 1974 to serve the dining and marketing needs of residents living in the Telok Blangah area.  After its facelift in 2009, the upgraded centre boasts enhanced features such as ramps and wider circulation spaces for the physically challenged and elderly patrons.",11,1.27743995,Existing,17/9/2018,,,56,,West,103.8187332,,77,,28870.260000000002,18/9/2018,http://www.nea.gov.sg/images/default-source/Hawker-Centres-Division/resize_1267876741836.gif,,,I,Completed,,15/1/2010,26366.58,Telok Blangah Crescent,90011,,917DDC2A69B1A364,20180906182217
103.844731621961,1.33809268551386,Toa Payoh Lorong 1 Blk 127 (Toa Payoh West Market and Food Court),HUP Reconfiguration,"Blk 127, Lorong 1 Toa Payoh, Singapore 310127","Built in 1969, the two-storey hawker centre comprises 40 cooked food stalls and 108 market stalls. Well-known for hawker fare such as Chicken Rice, Hokkien Mee etc, the hawker centre serves both the dining and marketing needs of Toa Payoh residents.",127,1.33816004,Existing,29/10/2018,,,40,,Central,103.8447876,,108,,35585.01,29/10/2018,http://www.nea.gov.sg/images/default-source/Hawker-Centres-Division/resize_1262154499803.jpg,,,I,Completed,,11/12/2003,29270.15,Lorong 1 Toa Payoh,310127,,ED2DB7B7A9BB7B7D,20180906182217
103.845818885585,1.28524640047048,Upper Cross Street Blk 531A (Hong Lim Food Centre and Market),HUP Reconfiguration,"Blk 531A, Upper Cross Street, Singapore 051531","Also known as Hong Lim Food Centre, the hawker centre is famous for dishes such as Bak Ku Teh, Crayfish Hor Fun, Curry Chicken Noodles, Fish Head Bee Hoon etc. Expect to see long queues at different stalls, especially during lunch hours. Apart from the 103 cooked food stalls, the hawker centre also has 40 market stalls to serve the needs of the residents in the vicinity.",531A,1.28446996,Existing,,,,103,,Central,103.8458633,,40,,29741.54,,http://www.nea.gov.sg/images/default-source/Hawker-Centres-Division/resize_1267878882405.jpg,,,,Completed,,9/3/2011,29391.18,Upper Cross Street,51531,,A606939347D3EA80,20180906182217
103.804489277779,1.28629777221659,Bukit Merah Lane Blk 120 (Alexandra Village Food Centre),HUP Standard Upgrading,"Blk 120, Bukit Merah Lane, Singapore 150120","Opposite the Queenstown Shopping Centre, the hawker centre, also commonly known as Alexandra Food Village, is home to a number of ""yummylicious"" local dishes such as Chicken Rice, Claypot Laksa, Bak Ku Teh etc.",120,1.28636003,Existing,3/9/2018,,,88,,West,103.8045502,,0,,29857.81,3/9/2018,http://www.nea.gov.sg/images/default-source/Hawker-Centres-Division/resize_1267852344747.jpg,,,I,Completed,,15/11/2010,24791.54,Bukit Merah Lane 1,150120,,98A3C26D1152D726,20180817194133
103.885449224256,1.32344525333847,Circuit Road Blk 89,HUP Standard Upgrading,"Blk 89, Circuit Road, Singapore 370089","Built in 1967, the hawker centre at Blk 89 Circuit Road comprises 40 cooked food stalls and 93 market stalls. One of the three hawker centres serving the residents living in the vicinity of Circuit Road.",89,1.32363999,Existing,17/9/2018,,,41,,East,103.8855209,,92,,33965.43,18/9/2018,http://www.nea.gov.sg/images/default-source/Hawker-Centres-Division/resize_1262154127554.jpg,,,I,Completed,,8/4/2009,33801.62,Circuit Road,370089,,4EDE2CCE84B7DE88,20180829092919
103.882977999397,1.37542896666561,Ci Yuan Hawker Centre,New Centre,"51 Hougang Avenue 9, Singapore 538776","Built in 2015, Ci Yuan hawker centre is the first to be built since 1985. The hawker centre is located at the 1st storey of Ci Yuan Community Club and comprises of 40 cooked food stalls.  All the stalls are selling different food items and serving at least two items priced at $2.80 or below to ensure food price affordability. Ci Yuan hawker centre also has new facilities to accommodate the needs of different users to create a more pleasant dining experience for all.  These include family-friendly facilities such as child-friendly seating, point-of-sale system and self-payment kiosks.  For more information, please refer to: http://ciyuanhawker.com.sg/",51,1.3749377,Existing (new),3/9/2018,,,40,,North,103.8829472,hawker centre/community club/family medicine clinic/senior care centre,0,,39713.520000000004,3/9/2018,http://www.nea.gov.sg/images/default-source/Hawker-Centres-Division/ci-yuan-hawker-centre.jpg,,,,0,,2015,33526.48,Hougang Avenue 9,538776,,2AA90E9C30DB2708,20180829092919
103.772489583206,1.37760053528611,Bukit Panjang Hawker Centre,New Centre,"2 Bukit Panjang Ring Road, Singapore 679947","Bukit Panjang Hawker Centre & Market is one of the 10 new centres announced by the Government. Among the 10 centres, it is the second to start operations, after the Hougang Ci Yuan Hawker Centre. Bukit Panjang Hawker Centre & Market has 28 cooked food stalls, 14 market slab stalls and 14 lock-up stalls located on both floors of the two-storeyed building.  It also has a sundry store on the second floor.",2,1.378269,Existing (new),3/9/2018,,,28,,West,103.772432,,45,,39953.67,4/9/2018,http://www.nea.gov.sg/images/default-source/Hawker-Centres-Division/bukit-panjang-hawker-centre.jpg,,,,0,,2015,21230.49,Bukit Panjang Ring Road,679947,,2FEB0DCCC12C8F15,20180817194133
103.904260878989,1.32033178221424,Eunos Crescent Blk 4A,HUP Standard Upgrading,"Blk 4A, Eunos Crescent, Singapore 402004",The hawker centre at Blk 4A Eunos Crescent is located within close proximity to the Eunos MRT station and bus interchange. Its strategic location coupled with a wide variety of food offerings results in high patronage especially during lunch and dinner hours.,4A,1.320292,Existing,1/10/2018,,,42,,East,103.9042206,,71,,33621.21,3/10/2018,http://www.nea.gov.sg/images/default-source/Hawker-Centres-Division/resize_1267873497497.jpg,,,I,Completed,,30/3/2012,35895.18,Eunos Crescent,402004,,E0DC5CBB54B0DF70,20180817194133
103.898224315881,1.3167281476983,Geylang Serai Market,HUP Rebuilding,"1, Geylang Serai, Singapore 402001","One of the most popular hawker centres in Singapore, especially with the Malay community! The hawker centre was upgraded in 2009 and currently comprises 63 cooked food stalls and 302 market stalls. Its design, which was conceived after close consultations with grassroots and stallholders, is reminiscent of rural Malay architecture. It is the third biggest hawker centre in Singapore based on stall count.",,1.31688809,Existing,3/9/2018,,,63,,East,103.8974075,,302,,33222.72,5/9/2018,http://www.nea.gov.sg/images/default-source/Hawker-Centres-Division/resize_1262155542468.jpg,,,I,Completed,,3/7/2009,35223.38,Geylang Serai,402001,,A247BF6156BBA825,20180817194133
103.895609494855,1.3151420505272,Haig Road Blk 13/14 (Haig Road Market and Cooked Food Centre),HUP Reconfiguration,"Blk 13/14, Haig Road, Singapore 430013/430014","Built in 1977, the hawker centre at Blk 13/14 Haig Road is easily visible from Changi Road. Comprising 72 cooked food stalls and 146 market stalls, its ideal location as well as the wide selection of affordable hawker fare have attracted many residents and working professionals around the vicinity.",13/14,1.31518996,Existing,17/9/2018,,,72,,East,103.8956528,,146,,33047.33,19/9/2018,http://www.nea.gov.sg/images/default-source/Hawker-Centres-Division/resize_1267848993155.jpg,,,I,Completed,,4/8/2010,34932.38,Haig Road,430013,,110148A5AB8F828F,20180817194133
103.839945947186,1.28823055540002,Jalan Kukoh Blk 1 (Kukoh 21 Food Centre),HUP Standard Upgrading,"Blk 1, Jalan Kukoh, Singapore 161001","Built in 1969, Blk 1 Jalan Kukoh used to consist of both a market and food section. After upgrading in 2010, the centre was converted to a food centre with 21 cooked food stalls.",1,1.28831995,Existing,17/9/2018,,,21,,Central,103.8399963,,0,,30071.510000000002,17/9/2018,http://www.nea.gov.sg/images/default-source/Hawker-Centres-Division/resize_1267874440744.jpg,,,I,Completed,,4/10/2010,28737.57,Jalan Kukoh,161001,,8943084A4CD16B02,20180817194133
103.797625756738,1.30078931480841,Tanglin Halt Market,HUP Standard Upgrading,"48A, Tanglin Halt Road, Singapore 148813","Built way back in 1964, Tanglin Halt Market is an iconic hawker centre within the Tanglin Halt estate. The hawker centre was given a facelift in 2003, and currently comprises 28 cooked food stalls and 89 market stalls.",48A,1.3008500299999999,Existing,17/9/2018,,,28,,West,103.7976837,,89,,31460.22,17/9/2018,http://www.nea.gov.sg/images/default-source/Hawker-Centres-Division/resize_1262156211794.jpg,,,I,Completed,,1/10/2003,24027.71,Tanglin Halt Road,148813,,74052054E195CEB3,20180829092919
103.832348785334,1.28508825756818,Tiong Bahru Market,HUP Rebuilding,"30, Seng Poh Road, Singapore 168898","Located in one of the oldest and most charming neighbourhoods, Tiong Bahru Market was built in 1950 as a single-storey centre.  The centre merged with Blk 84 and 84A Lim Liak Street during the upgrading in 2006, and was converted into a three-storey building: market stalls on the ground floor, cooked food stalls on the second floor and a carpark on the third. It is the fourth largest hawker centre in Singapore with 259 market stalls and 83 cooked food stalls! Well-known for the many popular stalls within the centre.",30,1.28468299,Existing,1/10/2018,,,83,,West,103.832428,,259,,29724.05,1/10/2018,http://www.nea.gov.sg/images/default-source/Hawker-Centres-Division/resize_1262156378375.jpg,,,I,Completed,,10/2/2006,27892.07,Seng Poh Road,168898,,0FAB58D01B65EF06,20180829092919
103.827358017197,1.28882210205212,Beo Crescent Market,HUP Standard Upgrading,"38A, Beo Crescent, Singapore 169982","Located near to Tiong Bahru MRT station and PSB Academy, Beo Crescent Market/Food Centre was built in 1965.  The centre serves the mature estate of Havelock and Tiong Bahru area.",38A,1.28848803,Existing,17/9/2018,,,32,,Central,103.8272476,,62,,30136.920000000002,17/9/2018,http://www.nea.gov.sg/images/default-source/Hawker-Centres-Division/resize_1267807628554.jpg,,,I,Completed,,18/1/2010,27336.64,Beo Crescent,169982,,D232402BFB5E51A4,20180817194133
103.839562687644,1.31189235691652,Newton Food Centre,HUP Standard Upgrading,"500, Clemenceau Ave North, Singapore 229495","Popular with both locals and tourists alike.  Often rated by foodies as one of the best hawker centres in Singapore, Newton Food Centre is well known for dishes like BBQ Seafood, Hokkien Mee, Po Piah, Satay, Fried Carrot Cake etc.  Extremely crowded during dinner and supper time, this is definitely a hawker centre that you must visit!  Located in the Cairnhill / Newton area and a stone's throw away from Newton MRT.",500,1.3122249799999999,Existing,31/8/2018,,,83,,Central,103.8397293,,0,,32687.91,31/8/2018,http://www.nea.gov.sg/images/default-source/Hawker-Centres-Division/resize_1262155777485.jpg,,,I,Completed,,12/6/2006,28694.91,Clemenceau Ave North,229495,,A3E978490459681D,20180829092919
103.885833217727,1.30825156309798,Old Airport Road Blk 51 (51 Old Airport Road Food Centre and Shopping Mall),HUP Standard Upgrading,"Blk 51, Old Airport Road, Singapore 390051","The renowned Blk 51 Old Airport Road is famed for its excellent yet affordable food. Built in 1973, it consists of 168 cooked food stalls on the ground level and 54 lock-up stalls on the second level. The large number of cooked food stalls serve up an amazing array of cuisines, from local hawker fare to international food. Get thrilled by the gastronomic experience offered by the numerous stalls!",51,1.30827999,Existing,24/9/2018,,,168,,East,103.8858414,,54,,32285.39,27/9/2018,http://www.nea.gov.sg/images/default-source/Hawker-Centres-Division/resize_1262153198645.jpg,,,I,Completed,,12/6/2007,33844.39,Old Airport Road,390051,,49DC3EB4B2348454,20180829092919
103.791402660553,1.27590752450201,Pasir Panjang Food Centre,HUP Standard Upgrading,"121, Pasir Panjang Road, Singapore 118543","Situated along Pasir Panjang Road and near to industrial estates, the food centre comprises 45 cooked food stalls and serves a variety of hawker fare including BBQ Seafood and Zi Char. Built in 1978.",121,1.27565897,Existing,24/9/2018,,,45,,West,103.7915573,,0,,28708.93,24/9/2018,http://www.nea.gov.sg/images/default-source/Hawker-Centres-Division/resize_1262155813373.jpg,,,I,Completed,,20/5/2002,23335.09,Pasir Panjang Road,118543,,311FCFFEE33137ED,20180829092919
103.88701902611,1.32064829234987,Aljunied Ave 2 Blk 117 (Blk 117 Aljunied Market and Food Centre),HUP Standard Upgrading,"Blk 117, Aljunied Ave 2, Singapore 380117","Next to Geylang East Swimming Complex and other amenities, the hawker centre caters to the marketing and dining needs of the residents at Geylang East. The centre was built in 1978 and comprises 79 cooked food stalls and 82 market stalls.",117,1.32070994,Existing,17/9/2018,,,79,,East,103.8870926,,82,,33656.16,20/9/2018,http://www.nea.gov.sg/images/default-source/Hawker-Centres-Division/resize_1262154437879.jpg,,,I,Completed,,30/11/2005,33976.33,Aljunied Ave 2,380117,,AA7744C0E73BF9B0,20180829092919
103.839231344066,1.36678764523637,Ang Mo Kio Ave 1 Blk 226D (Kebun Baru Market and Food Centre),HUP Standard Upgrading,"Blk 226D, Ang Mo Kio Ave 1, Singapore 564226","Located next to a food centre, the hawker centre at Block 226D Ang Mo Kio Ave 1 serves the marketing and dining needs of residents living in the Kebun Baru area. The centre was upgraded in 2010 and consists predominantly of market stalls.",226D,1.36695004,Existing,17/9/2018,,,10,,North,103.8391876,,101,,38757.950000000004,17/9/2018,http://www.nea.gov.sg/images/default-source/Hawker-Centres-Division/resize_1262154827180.jpg,,,I,Completed,,20/1/2010,28658.02,Ang Mo Kio Ave 1,564226,,0177924B96927872,20180829092919
103.855369790045,1.36276891777383,Ang Mo Kio Ave 10 Blk 409 (Teck Ghee Square),HUP Standard Upgrading,"Blk 409, Ang Mo Kio Ave 10, Singapore 560409","Also known as Teck Ghee Square, it is one of the three hawker centres that are situated along Ang Mo Kio Ave 10. Built in 1979, the hawker centre comprises 40 cooked food stalls and 148 market stalls.",409,1.36273003,Existing,3/9/2018,,,40,,North,103.8553772,,148,,38313.590000000004,4/9/2018,http://www.nea.gov.sg/images/default-source/Hawker-Centres-Division/resize_1275538704472.jpg,,,I,Completed,,28/11/2011,30454.04,Ang Mo Kio Ave 10,560409,,6728AD94294EE6AA,20180829092919
103.840682307297,1.38102486670548,Ang Mo Kio Ave 4 Blk 628 (Ang Mo Kio 628 Market),HUP Rebuilding,"Blk 628, Ang Mo Kio Ave 4, Singapore 560628","Originally built in 1979, the hawker centre is located opposite Yio Chu Kang CC and near schools, temples and residential flats.   After the upgrading in 2010, the rebuilt centre consists of  52 cooked food stalls and 166 market stalls to serve the marketingand dining needs of patrons.",628,1.38066268,Existing,17/9/2018,,,52,,North,103.8407516,,166,,40332.23,18/9/2018,http://www.nea.gov.sg/images/default-source/Hawker-Centres-Division/blk-628-ang-mo-kio-ave-4.jpg,,,I,<R&R> 09/04/2018 to 08/06/2018,,16/12/2009,28819.49,Ang Mo Kio Ave 4,560628,,CE6A36B476FFAB0F,20180829092919
103.846519219268,1.37219743270044,Ang Mo Kio Ave 6 Blk 724 (Blk 724 Ang Mo Kio Market),HUP Reconfiguration,"Blk 724, Ang Mo Kio Ave 6, Singapore 560724","Located conveniently in the heart of the bustling Ang Mo Kio Town Centre, the hawker centre is always packed with patrons, especially during the weekends.  Be prepared to queue for your favourite food at popular stalls!",724,1.37204003,Existing,3/9/2018,,,45,,North,103.8464966,,78,,39356.14,4/9/2018,http://www.nea.gov.sg/images/default-source/Hawker-Centres-Division/resize_1262155216756.jpg,,,I,Completed,,2/1/2008,29469.07,Ang Mo Kio Ave 6,560724,,8285869D86C2D25E,20180829092919
103.839953165937,1.36723014879667,Ang Mo Kio Street 22 Blk 226H (Kebun Baru Food Centre),HUP Reconfiguration,"Blk 226H, Ang Mo Kio Street 22, Singapore 568226","Commonly known as Kebun Bahru Food Centre, the food centre was built in 1976 to serve the dining needs of Kebun Baru residents. Comprises 29 cooked food stalls.",226H,1.36726606,Existing,17/9/2018,,,29,,North,103.8399429,,0,,38806.88,17/9/2018,http://www.nea.gov.sg/images/default-source/Hawker-Centres-Division/resize_1259901689557.jpg,,,I,Completed,,13/12/2003,28738.350000000002,Ang Mo Kio Street 22,568226,,69908CB78F47C6ED,20180829092919
103.955474150677,1.32035600765426,Bedok Food Centre,HUP Rebuilding,"1, Bedok Road, Singapore 469572","Located at the corner of Upper East Coast Road, Bedok Food Centre is a favourite haunt for residents in the vicinity and army personnel from nearby barracks. Upgraded in 2005, the fa?ade resembles that of an old Malay ""kampong"" house. Famous for hawker fare such as Hokkien Mee, Desserts, Malay Dishes and more, the hawker centre houses 32 cooked food stalls.",1,1.32035303,Existing,3/9/2018,,,32,,East,103.9554749,,0,,33624.11,3/9/2018,http://www.nea.gov.sg/images/default-source/Hawker-Centres-Division/resize_1265176030572.jpg,,,I,Completed,,6/2/2005,41594.72,Bedok Road,469572,,5074BAFFF0E5531A,20180829092919
